Verb,Date,Time,Country
add,the day after tomorrow,10:00,Nepal
fix,next Thursday,18:45,Samoa
organize,2024-06-15,10:30 PM,Jamaica
add,this Friday,08:45,Ukraine
book,this evening,late evening,Paraguay
arrange,the day after tomorrow,09:00,Israel
create,2024-06-15,noon,Saint Pierre &amp; Miquelon
plan,2024-06-16,02:00 AM,Belize
set up,tomorrow,12:00,Japan
reserve,2024-06-16,10:00,Guernsey
create,2024-06-21,06:00,Hungary
set up,next morning,23:59,Latvia
fix,next morning,late evening,Angola
schedule,2024-06-23,weekend evening,Algeria
add,tomorrow,10:00,Ecuador
create,2024-06-23,11:00 PM,Tanzania
schedule,2024-06-29,23:59,Bermuda
organize,this Saturday,10:00,Sierra Leone
hold,2024-06-21,evening,Anguilla
schedule,next Monday,11:00 PM,Croatia
book,2024-06-21,02:00 AM,Iran
create,next year,noon,Kyrgyz Republic
reserve,2nd August,14:00,Afghanistan
arrange,2024-07-07,early morning,Barbados
add,this Wednesday,midnight,Ghana
set up,2024-06-30,late evening,Swaziland
book,2024-06-16,21:00,Liberia
hold,2024-07-04,afternoon,Kuwait
plan,2024-06-15,14:00,Luxembourg
book,this evening,02:00 AM,Mali
organize,next year,23:59,Aruba
plan,this afternoon,10:30 PM,Greece
plan,2024-06-25,02:00 AM,Gabon
fix,2024-06-24,09:00,Luxembourg
plan,this evening,weekend evening,Austria
reserve,2024-06-16,16:20,Cayman Islands
schedule,2024-06-14,18:45,St Vincent
book,2024-07-06,weekend evening,Guinea
add,2024-07-11,16:20,Uganda
schedule,2024-06-14,09:00 AM,Cote D Ivoire
arrange,2024-06-30,morning,Moldova
create,2024-06-25,late evening,Gambia
plan,2024-06-22,10:30 PM,Albania
arrange,2nd August,07:30,Cambodia
create,coming weekend,14:00,Belize
plan,next Monday,23:59,Uganda
plan,first Monday of July,evening,Guatemala
hold,next Thursday,16:20,Equatorial Guinea
organize,2024-06-15,07:30,South Korea
create,next Thursday,evening,Antigua &amp; Barbuda
fix,2024-06-15,early morning,Honduras
plan,2nd August,21:00,Egypt
organize,coming Friday,14:00,Djibouti
set up,2024-06-30,noon,Mali
arrange,2024-07-06,10:00,Benin
create,2024-06-15,07:30,Equatorial Guinea
plan,this afternoon,07:30,St. Lucia
add,2024-06-29,21:00,Togo
arrange,next Thursday,10:30 PM,Yemen
reserve,weekend evening,10:30 PM,Thailand
set up,weekend evening,afternoon,Colombia
set up,2024-07-06,18:45,Kazakhstan
add,coming weekend,weekend evening,Andorra
add,first Monday of July,11:00 PM,Sierra Leone
arrange,2024-06-15,morning,Australia
plan,2024-06-15,18:45,Tajikistan
fix,next Monday,10:30 PM,Zambia
set up,2024-06-22,07:30,Gibraltar
fix,first Monday of July,16:20,Madagascar
create,2024-07-04,midnight,Mozambique
reserve,2024-07-04,late evening,Greece
fix,2024-06-29,09:00,Turkey
book,2024-06-15,midnight,Turks &amp; Caicos
arrange,2024-06-21,18:45,Egypt
add,tomorrow,evening,Congo
hold,next Thursday,afternoon,New Caledonia
plan,2024-06-29,10:30 PM,Cyprus
arrange,2024-06-30,18:45,Iraq
plan,2024-06-16,early morning,Spain
book,2024-06-15,noon,Bulgaria
schedule,2024-06-21,21:00,Niger
organize,2024-06-30,10:00,Moldova
schedule,2024-06-21,late evening,Kazakhstan
reserve,2024-06-22,18:45,New Caledonia
schedule,next Monday,07:30,Monaco
set up,2024-06-21,early morning,Oman
set up,next month,weekend evening,United Arab Emirates
book,this Friday,morning,Morocco
arrange,2024-06-29,02:00 AM,Serbia
fix,2024-06-14,18:45,Latvia
schedule,next Thursday,16:20,Grenada
reserve,2024-06-23,04:00,Montenegro
add,tomorrow,16:20,Kenya
plan,this afternoon,18:45,Greece
arrange,2024-06-24,afternoon,Costa Rica
fix,this evening,14:00,Norway
hold,next weekend,afternoon,Jersey
book,next morning,early morning,Guernsey
add,this Wednesday,early morning,South Korea
plan,2024-07-06,late evening,Singapore
fix,2024-06-16,10:30 PM,Djibouti
fix,this evening,10:00,Panama
fix,first Monday of July,14:00,Bosnia &amp; Herzegovina
organize,2024-06-23,02:00 AM,Afghanistan
add,2024-06-25,14:00,Morocco
reserve,this Friday,evening,Mozambique
fix,2024-07-06,evening,Moldova
hold,2024-06-14,12:00,Maldives
create,next year,16:20,India
set up,2024-06-21,14:00,Cameroon
plan,next Thursday,23:59,Oman
book,2024-06-24,03:15 PM,Belarus
arrange,this Friday,09:00,Tanzania
plan,weekend evening,10:30 PM,Liberia
book,this Saturday,evening,Bulgaria
plan,next year,12:00,Costa Rica
hold,2024-06-15,noon,Cameroon
set up,next year,midnight,Burundi
hold,coming Friday,03:15 PM,Italy
create,2024-06-23,weekend evening,French West Indies
schedule,next Thursday,evening,Haiti
hold,2024-06-23,10:00,Tajikistan
set up,coming Friday,11:00 PM,Vietnam
reserve,2024-06-23,02:00 AM,Ethiopia
plan,next morning,18:45,Cote D Ivoire
plan,2nd August,09:00,Grenada
set up,next morning,16:20,Guinea Bissau
organize,this evening,morning,Portugal
hold,next morning,08:45,Montserrat
add,next weekend,03:15 PM,France
organize,2024-06-23,morning,Turkey
book,next morning,14:00,Guernsey
set up,2024-06-15,23:59,Monaco
plan,next Monday,10:00,Jamaica
arrange,this Saturday,evening,Bosnia &amp; Herzegovina
hold,next Thursday,morning,Singapore
fix,2024-06-23,12:00,Guernsey
schedule,2024-06-15,23:59,Gibraltar
set up,2024-06-15,10:30 PM,Panama
organize,2024-07-06,10:30 PM,Taiwan
set up,next month,morning,Algeria
create,2024-06-21,21:00,Egypt
add,tomorrow,noon,Palestine
add,next Monday,21:00,Switzerland
set up,this Wednesday,10:30 PM,Guatemala
fix,2024-06-15,12:00,San Marino
plan,2024-06-15,14:00,Greece
arrange,2024-06-21,midnight,Samoa
add,2024-07-06,07:30,Bulgaria
add,2024-07-07,evening,Albania
hold,2024-06-30,afternoon,New Caledonia
add,2024-06-16,14:00,New Zealand
set up,next morning,afternoon,Swaziland
organize,2024-06-24,afternoon,Mauritius
create,2024-06-24,08:45,Falkland Islands
arrange,2024-07-11,12:00,Ethiopia
reserve,2024-07-11,noon,Jersey
hold,tomorrow,08:45,St Kitts &amp; Nevis
schedule,2024-06-21,morning,Afghanistan
hold,first Monday of July,morning,Bahamas
set up,2024-07-06,afternoon,Nigeria
fix,next weekend,afternoon,Australia
reserve,next Friday,06:00,British Virgin Islands
hold,next morning,02:00 AM,Serbia
schedule,2024-06-29,18:45,Cote D Ivoire
reserve,tomorrow,23:59,Palestine
set up,this Saturday,06:00,Dominica
set up,2024-07-06,11:00 PM,Mexico
organize,this afternoon,11:00 PM,Ecuador
set up,this afternoon,16:20,Jordan
set up,next Friday,11:00 PM,Czech Republic
fix,2024-06-23,afternoon,Morocco
reserve,this Friday,06:00,Palestine
create,next Sunday,weekend evening,Dominica
reserve,coming weekend,morning,Djibouti
create,this evening,09:00 AM,United Kingdom
organize,2024-06-16,morning,Virgin Islands (US)
fix,next weekend,late evening,Kyrgyz Republic
arrange,2024-06-14,early morning,South Africa
plan,next Sunday,late evening,Nigeria
arrange,2024-07-04,afternoon,Bahrain
set up,next Sunday,16:20,Belgium
reserve,next Sunday,midnight,Bermuda
hold,2024-06-14,evening,Ecuador
plan,2024-06-30,02:00 AM,Burundi
hold,2024-06-21,08:45,Congo
set up,this Wednesday,14:00,Mauritania
book,next Friday,09:00,Monaco
organize,2024-06-24,08:45,Burkina Faso
hold,this Wednesday,noon,St. Lucia
book,2024-06-21,early morning,Greece
plan,this Friday,02:00 AM,Japan
organize,next Thursday,03:15 PM,Afghanistan
plan,tomorrow,weekend evening,Serbia
organize,2024-06-15,02:00 AM,Bosnia &amp; Herzegovina
organize,next morning,noon,Cambodia
schedule,next year,14:00,Cruise Ship
organize,2024-06-24,weekend evening,Mauritius
set up,this Saturday,06:00,Egypt
create,2024-06-14,10:00,Haiti
plan,2024-06-24,04:00,Belize
hold,weekend evening,weekend evening,St Vincent
book,2024-07-06,14:00,Japan
organize,next Friday,afternoon,Malaysia
plan,this evening,11:00 PM,Sudan
reserve,this Saturday,16:20,Poland
fix,2024-06-14,04:00,Kuwait
arrange,2024-06-22,14:00,Senegal
reserve,2nd August,10:30 PM,Papua New Guinea
book,2024-06-21,09:00 AM,San Marino
arrange,2024-06-25,afternoon,St Lucia
reserve,2024-06-25,12:00,Estonia
create,next month,09:00,St Kitts &amp; Nevis
schedule,this Wednesday,09:00 AM,Qatar
fix,2024-07-06,weekend evening,Luxembourg
reserve,2024-06-21,weekend evening,Guatemala
reserve,next year,evening,Mali
plan,next weekend,late evening,Brunei
hold,coming weekend,14:00,Montserrat
hold,2024-07-11,03:15 PM,Cameroon
arrange,coming weekend,afternoon,Norway
reserve,weekend evening,14:00,Niger
fix,2024-06-30,02:00 AM,Reunion
fix,this afternoon,early morning,Honduras
book,2024-06-14,evening,Guyana
book,next weekend,noon,St Kitts &amp; Nevis
hold,weekend evening,07:30,Azerbaijan
organize,coming weekend,midnight,Guinea
add,tomorrow,16:20,Guinea
book,2024-06-24,evening,St. Lucia
set up,2024-06-16,noon,Hungary
reserve,2024-06-29,06:00,Chad
create,next Sunday,afternoon,Angola
book,2024-06-22,10:00,Virgin Islands (US)
schedule,2024-06-21,evening,Qatar
reserve,2024-07-07,10:00,Ghana
schedule,2024-07-07,weekend evening,Finland
fix,this Saturday,03:15 PM,Guatemala
arrange,coming Friday,14:00,Oman
book,this Friday,03:15 PM,Libya
arrange,2024-07-11,early morning,Croatia
book,2024-07-11,04:00,Bahamas
organize,2024-06-16,08:45,South Africa
set up,first Monday of July,02:00 AM,Malaysia
schedule,tomorrow,09:00 AM,Jamaica
create,2024-06-15,midnight,Ghana
arrange,next Thursday,23:59,Guam
set up,next year,midnight,New Zealand
reserve,this evening,weekend evening,Denmark
add,2024-06-23,04:00,Samoa
arrange,2024-06-23,10:00,Norway
set up,next Friday,21:00,Samoa
plan,2024-06-30,late evening,Tanzania
organize,2nd August,18:45,Bermuda
plan,2024-06-16,10:30 PM,Reunion
add,next weekend,midnight,Macedonia
arrange,this afternoon,weekend evening,Mauritania
organize,2024-06-21,21:00,Libya
schedule,tomorrow,03:15 PM,Kuwait
create,2024-06-21,07:30,Ghana
arrange,next Sunday,midnight,Syria
organize,next Thursday,late evening,Tunisia
organize,2024-06-15,07:30,Suriname
organize,next year,noon,Iran
set up,this afternoon,late evening,Bermuda
book,weekend evening,12:00,Austria
reserve,next month,02:00 AM,Jordan
fix,this Saturday,04:00,Yemen
fix,2024-06-15,weekend evening,Paraguay
organize,tomorrow,02:00 AM,Mauritius
hold,2024-06-22,evening,Albania
fix,coming Friday,noon,Latvia
organize,coming weekend,weekend evening,Turkey
organize,2024-07-07,21:00,Turkey
set up,2nd August,09:00 AM,Jamaica
set up,2024-06-29,12:00,Iran
book,2024-06-15,23:59,Qatar
create,2024-07-06,09:00 AM,Afghanistan
reserve,2024-06-21,08:45,Mauritius
schedule,next weekend,late evening,Laos
arrange,next year,10:30 PM,St. Lucia
plan,2024-07-06,23:59,Nigeria
create,2024-06-24,weekend evening,Panama
create,2024-07-07,03:15 PM,Montserrat
reserve,2024-06-14,noon,Brazil
create,tomorrow,12:00,St Kitts &amp; Nevis
arrange,next Sunday,09:00,Mexico
reserve,next month,16:20,Greenland
schedule,2nd August,16:20,Montserrat
arrange,2024-06-24,late evening,Ethiopia
plan,2024-06-16,evening,Croatia
book,this Friday,03:15 PM,Macedonia
add,next Sunday,14:00,Barbados
set up,2024-06-30,18:45,Cayman Islands
organize,2024-06-25,03:15 PM,Hungary
plan,2024-06-14,18:45,Switzerland
arrange,first Monday of July,18:45,Singapore
book,2024-06-23,03:15 PM,Angola
create,this Friday,morning,Malaysia
hold,2024-06-21,10:30 PM,Tunisia
add,next Thursday,weekend evening,France
add,this Wednesday,late evening,Papua New Guinea
create,the day after tomorrow,21:00,Finland
organize,next Sunday,21:00,Czech Republic
schedule,this Saturday,early morning,Denmark
hold,weekend evening,10:00,Cruise Ship
add,this evening,02:00 AM,Mexico
book,2024-06-22,07:30,Turks &amp; Caicos
fix,2024-07-06,afternoon,Cuba
schedule,this Wednesday,08:45,Cruise Ship
add,2024-06-24,11:00 PM,Russia
fix,2024-07-04,04:00,Brazil
arrange,2024-06-15,late evening,Denmark
add,2024-06-23,18:45,Tanzania
create,coming weekend,03:15 PM,Hong Kong
organize,2024-07-06,10:30 PM,Jordan
fix,the day after tomorrow,03:15 PM,Cook Islands
set up,2024-07-06,23:59,Kuwait
reserve,2024-06-24,morning,Denmark
create,next Thursday,08:45,Singapore
plan,the day after tomorrow,midnight,Laos
reserve,this Wednesday,14:00,El Salvador
hold,next Thursday,09:00 AM,Falkland Islands
book,tomorrow,evening,Bermuda
fix,2024-06-25,afternoon,Chad
add,2024-07-06,04:00,Costa Rica
schedule,2024-06-21,08:45,Faroe Islands
organize,this Wednesday,11:00 PM,Dominican Republic
set up,2024-06-21,late evening,Botswana
plan,2024-06-15,midnight,Cambodia
set up,2024-06-23,04:00,Lithuania
add,2024-07-11,10:30 PM,Iran
hold,2024-06-15,06:00,South Korea
organize,coming Friday,10:00,Senegal
book,2024-07-07,10:00,Guam
book,2024-06-22,evening,Slovakia
set up,next year,afternoon,Dominica
plan,2024-07-07,early morning,Falkland Islands
set up,2024-06-24,03:15 PM,Honduras
book,next Friday,14:00,Cote D Ivoire
set up,2024-07-11,midnight,Turkmenistan
organize,2024-06-21,23:59,Hungary
plan,2024-06-22,10:00,Algeria
set up,2024-06-15,18:45,St Kitts &amp; Nevis
schedule,2024-06-15,09:00,Togo
set up,2024-06-15,07:30,Burkina Faso
create,next weekend,10:30 PM,El Salvador
fix,2024-06-25,18:45,Iraq
schedule,this afternoon,04:00,Equatorial Guinea
set up,next Friday,21:00,Montserrat
book,weekend evening,14:00,St. Lucia
set up,this Wednesday,morning,Malaysia
schedule,2024-06-29,18:45,French West Indies
schedule,2024-06-22,noon,Armenia
organize,2024-07-06,evening,Brazil
arrange,this afternoon,12:00,Hong Kong
schedule,2024-06-15,03:15 PM,Cook Islands
organize,next Friday,evening,Philippines
fix,next Sunday,08:45,Ireland
hold,next Monday,14:00,Tanzania
add,2024-06-23,noon,Tajikistan
book,next month,early morning,Tunisia
schedule,this Saturday,02:00 AM,Zimbabwe
hold,2nd August,noon,Finland
plan,next year,weekend evening,New Caledonia
schedule,next Sunday,09:00,Cote D Ivoire
create,2024-06-15,early morning,Bulgaria
book,next Monday,midnight,Andorra
set up,2024-06-29,06:00,Monaco
create,2024-06-15,18:45,Kuwait
plan,2024-06-16,07:30,Monaco
book,the day after tomorrow,04:00,Colombia
book,2024-07-11,midnight,India
plan,this Saturday,11:00 PM,Monaco
fix,next Friday,10:30 PM,Pakistan
add,this evening,14:00,Ireland
set up,next morning,08:45,Sudan
add,next month,10:00,Mali
arrange,2024-06-15,10:30 PM,Portugal
hold,2024-07-06,midnight,Paraguay
set up,2024-06-29,early morning,Tunisia
arrange,next Sunday,10:00,Monaco
add,2024-06-24,09:00,Malaysia
hold,this Friday,11:00 PM,Maldives
add,2024-06-15,late evening,Netherlands Antilles
plan,2024-06-23,04:00,Austria
add,coming Friday,21:00,Iraq
organize,first Monday of July,09:00,Turkey
arrange,this evening,04:00,New Zealand
organize,this Friday,evening,Peru
hold,this Wednesday,16:20,Nigeria
organize,next Thursday,11:00 PM,Latvia
book,2024-06-21,06:00,Poland
arrange,2024-06-23,afternoon,Timor L'Este
plan,next Friday,16:20,Saudi Arabia
arrange,2024-07-06,16:20,Brazil
book,next year,late evening,Mauritania
set up,next year,noon,Mauritius
arrange,2nd August,09:00,Uganda
schedule,next Thursday,noon,Palestine
arrange,2024-06-15,21:00,Dominican Republic
fix,next weekend,afternoon,Palestine
fix,2024-06-21,16:20,Uruguay
plan,2024-07-07,18:45,Cook Islands
create,this Saturday,noon,Pakistan
plan,2024-06-25,10:30 PM,Indonesia
arrange,2nd August,06:00,China
book,2024-06-15,03:15 PM,St Lucia
add,next morning,weekend evening,Niger
add,next month,08:45,Finland
create,2024-07-11,14:00,Macedonia
organize,next year,03:15 PM,Yemen
hold,2024-07-07,09:00 AM,Venezuela
book,2024-06-23,11:00 PM,Monaco
plan,2024-06-15,noon,Armenia
fix,2024-07-07,04:00,Iran
schedule,2024-06-30,afternoon,Gabon
create,first Monday of July,21:00,Azerbaijan
set up,2024-06-16,weekend evening,Equatorial Guinea
organize,2024-06-16,21:00,Angola
set up,2024-06-15,03:15 PM,Puerto Rico
add,2024-06-23,midnight,Italy
schedule,this evening,14:00,Denmark
organize,this Friday,afternoon,Togo
organize,2024-07-06,09:00,Virgin Islands (US)
reserve,next month,14:00,Botswana
set up,2024-06-15,noon,Romania
schedule,next Thursday,16:20,Guatemala
add,next morning,07:30,Mali
schedule,this Wednesday,10:00,Jamaica
book,2024-06-15,09:00 AM,Israel
plan,2024-06-15,06:00,Bosnia &amp; Herzegovina
create,next Sunday,03:15 PM,New Caledonia
arrange,2024-07-04,evening,Guinea Bissau
schedule,tomorrow,10:30 PM,Nepal
arrange,2024-06-21,11:00 PM,Iceland
fix,2024-07-07,afternoon,Armenia
arrange,coming Friday,morning,Morocco
add,coming Friday,06:00,Sudan
plan,2024-06-21,04:00,Cuba
hold,next Sunday,afternoon,Samoa
add,2024-06-15,14:00,Greenland
fix,the day after tomorrow,02:00 AM,Sri Lanka
reserve,2nd August,late evening,Antigua &amp; Barbuda
organize,2024-07-11,04:00,Russia
arrange,2024-06-30,06:00,Guinea Bissau
arrange,next Monday,09:00 AM,Tajikistan
arrange,2024-06-15,09:00 AM,United Arab Emirates
schedule,next Sunday,07:30,Mozambique
fix,2024-06-14,weekend evening,Falkland Islands
book,2024-06-24,09:00 AM,Pakistan
schedule,next year,04:00,Panama
add,2024-06-14,morning,Philippines
create,2024-07-06,10:00,Albania
fix,2024-07-06,07:30,Chad
arrange,next month,09:00,Rwanda
fix,this afternoon,10:00,Peru
arrange,2024-07-04,14:00,Tonga
organize,this Saturday,noon,Malta
fix,next Sunday,04:00,Ghana
arrange,this evening,morning,France
fix,2024-06-23,07:30,Belarus
organize,2024-06-16,afternoon,Bhutan
set up,2024-06-30,early morning,Syria
organize,next Thursday,09:00,St Vincent
create,2024-06-22,11:00 PM,Uruguay
create,2024-06-21,morning,Zambia
set up,2024-06-24,08:45,Guernsey
set up,first Monday of July,10:30 PM,Egypt
plan,next morning,04:00,Congo
add,next Thursday,morning,Togo
add,2024-07-07,18:45,Antigua &amp; Barbuda
hold,tomorrow,03:15 PM,Senegal
arrange,2024-06-30,23:59,Iran
create,2024-07-04,afternoon,Hungary
create,next year,10:00,Ireland
add,weekend evening,03:15 PM,Ecuador
book,2nd August,18:45,Bosnia &amp; Herzegovina
set up,next weekend,late evening,Panama
set up,coming weekend,morning,Cook Islands
set up,weekend evening,03:15 PM,Palestine
plan,2024-06-21,11:00 PM,Angola
hold,2nd August,10:30 PM,French West Indies
plan,this afternoon,14:00,Georgia
book,next Thursday,11:00 PM,Chad
organize,2024-07-07,evening,Bulgaria
add,2024-07-07,18:45,Bermuda
set up,2024-07-06,07:30,Romania
create,2024-06-15,midnight,Brunei
set up,2024-07-11,midnight,Trinidad &amp; Tobago
fix,2024-07-06,10:00,China
reserve,this afternoon,04:00,Bahamas
set up,this afternoon,09:00 AM,Hungary
plan,2024-06-21,evening,Mauritius
create,2024-07-07,evening,Jordan
fix,next Monday,09:00 AM,Satellite
organize,this afternoon,morning,Virgin Islands (US)
fix,next morning,11:00 PM,Gabon
hold,2024-07-06,09:00 AM,Egypt
fix,2024-06-24,03:15 PM,St Kitts &amp; Nevis
schedule,next Thursday,21:00,Hong Kong
create,2024-06-15,03:15 PM,Tajikistan
reserve,2024-07-04,11:00 PM,Uzbekistan
create,next month,07:30,Dominican Republic
set up,2024-06-15,noon,Cote D Ivoire
organize,coming Friday,09:00 AM,New Zealand
create,first Monday of July,weekend evening,Czech Republic
schedule,coming weekend,09:00 AM,Mexico
plan,2024-06-15,23:59,French Polynesia
fix,next Friday,weekend evening,Guam
arrange,2024-06-15,04:00,Japan
plan,next year,04:00,Turkey
fix,2024-06-16,late evening,Slovenia
set up,this afternoon,evening,Thailand
reserve,next year,10:30 PM,Uruguay
schedule,2024-06-30,14:00,Guernsey
schedule,2024-07-04,14:00,Macedonia
organize,next Sunday,11:00 PM,Bermuda
fix,2024-06-15,18:45,Trinidad &amp; Tobago
plan,2024-06-15,morning,Ethiopia
hold,next month,02:00 AM,Belarus
set up,the day after tomorrow,12:00,Turks &amp; Caicos
hold,2024-06-30,07:30,Suriname
create,this Wednesday,07:30,Kenya
set up,2024-06-24,09:00 AM,Lebanon
organize,2nd August,14:00,Cyprus
create,next Sunday,03:15 PM,Kyrgyz Republic
create,2024-06-30,03:15 PM,New Zealand
add,2024-06-15,16:20,Djibouti
fix,next Friday,09:00,Guam
organize,2024-06-30,04:00,Iceland
create,next year,02:00 AM,Iraq
organize,2024-06-14,04:00,Tunisia
plan,this Wednesday,11:00 PM,Macau
organize,2024-06-22,weekend evening,Faroe Islands
set up,2nd August,10:00,Montserrat
create,2024-06-15,10:00,China
set up,this afternoon,evening,Togo
create,first Monday of July,midnight,Gibraltar
arrange,2024-06-15,12:00,Gabon
hold,2024-06-23,11:00 PM,Swaziland
organize,next morning,09:00 AM,Virgin Islands (US)
create,weekend evening,11:00 PM,Kuwait
create,2024-06-21,12:00,Guyana
hold,2024-07-11,late evening,Cook Islands
set up,next Sunday,12:00,Cameroon
organize,next month,08:45,Puerto Rico
set up,this evening,21:00,Poland
fix,weekend evening,08:45,Mauritius
add,2024-06-29,early morning,Uruguay
hold,2024-06-30,14:00,Sweden
schedule,2nd August,06:00,Benin
arrange,next morning,08:45,Morocco
plan,2024-06-16,early morning,Senegal
set up,next month,early morning,French Polynesia
hold,this Wednesday,16:20,San Marino
arrange,2024-07-07,14:00,Iceland
arrange,2024-06-15,afternoon,Venezuela
plan,the day after tomorrow,noon,Turkey
reserve,2024-07-07,02:00 AM,Iran
organize,next Thursday,10:00,Costa Rica
organize,coming Friday,morning,Azerbaijan
fix,the day after tomorrow,09:00,Grenada
schedule,weekend evening,02:00 AM,Mexico
add,2nd August,21:00,Pakistan
hold,this Saturday,11:00 PM,British Virgin Islands
fix,coming Friday,09:00 AM,Lesotho
organize,2024-06-30,morning,Congo
hold,2024-07-07,late evening,Germany
organize,this evening,09:00 AM,Syria
create,2024-06-25,early morning,Slovenia
fix,next weekend,09:00,Austria
plan,this Friday,07:30,Sierra Leone
reserve,next year,12:00,Peru
fix,2024-06-21,early morning,Niger
plan,next Friday,late evening,Tonga
fix,coming Friday,morning,Panama
add,2024-06-16,09:00 AM,Nigeria
set up,2nd August,morning,Chad
add,2024-06-21,evening,Belarus
reserve,2024-07-11,10:30 PM,French West Indies
organize,this Wednesday,midnight,Cook Islands
book,2024-06-15,10:30 PM,Tajikistan
book,2024-06-15,noon,Ghana
plan,the day after tomorrow,03:15 PM,Estonia
create,coming weekend,09:00 AM,Greenland
book,2024-06-15,08:45,Georgia
hold,2024-06-22,weekend evening,Cyprus
hold,2024-07-04,10:00,Gambia
reserve,next weekend,04:00,Dominican Republic
add,next Sunday,late evening,Gibraltar
add,coming Friday,03:15 PM,Spain
hold,next Monday,10:30 PM,Uzbekistan
book,2024-06-14,afternoon,Macau
set up,tomorrow,evening,Latvia
fix,2024-06-15,02:00 AM,Monaco
schedule,2024-07-11,11:00 PM,France
reserve,2024-06-25,21:00,Madagascar
add,2024-06-30,weekend evening,St. Lucia
organize,2024-06-24,21:00,Uzbekistan
arrange,this Saturday,11:00 PM,Honduras
book,2024-06-15,10:00,Russia
schedule,2024-06-22,23:59,Tonga
hold,this Friday,04:00,Kenya
create,2024-06-16,14:00,France
plan,this afternoon,02:00 AM,Bosnia &amp; Herzegovina
hold,2024-06-29,06:00,Anguilla
reserve,this Wednesday,evening,Lesotho
plan,2024-06-15,09:00,Aruba
create,2024-06-15,03:15 PM,France
reserve,next year,late evening,Serbia
plan,2024-07-06,10:00,Belgium
reserve,2024-06-14,morning,British Virgin Islands
add,2nd August,08:45,Ireland
schedule,2024-06-21,08:45,Laos
book,this evening,late evening,Vietnam
book,2024-06-25,12:00,Anguilla
arrange,2024-06-15,late evening,Switzerland
set up,2024-07-04,12:00,Zimbabwe
schedule,next year,weekend evening,Malaysia
create,2024-07-11,07:30,Azerbaijan
schedule,this Saturday,18:45,Namibia
hold,weekend evening,12:00,Liberia
arrange,2024-07-06,16:20,Monaco
schedule,next year,02:00 AM,Luxembourg
set up,2024-06-30,midnight,Montserrat
arrange,2024-06-29,noon,Brunei
book,2024-06-21,weekend evening,Turkmenistan
schedule,next Friday,weekend evening,Guernsey
hold,2024-06-15,18:45,Afghanistan
create,next Friday,weekend evening,New Zealand
set up,2024-07-07,early morning,Mozambique
add,tomorrow,07:30,Brazil
organize,2024-07-06,07:30,Uganda
set up,2024-06-16,04:00,Netherlands Antilles
arrange,next morning,09:00 AM,Russia
arrange,this Saturday,16:20,Equatorial Guinea
set up,first Monday of July,noon,Belgium
book,2024-06-15,06:00,Lithuania
hold,2024-07-06,morning,Iceland
plan,2024-06-29,12:00,Greenland
fix,2024-06-23,afternoon,Jordan
hold,the day after tomorrow,midnight,Ireland
plan,next Friday,10:30 PM,Angola
set up,2024-07-06,06:00,Faroe Islands
organize,next Friday,10:00,Cuba
plan,next year,03:15 PM,Estonia
add,2024-06-24,16:20,China
organize,2024-07-06,weekend evening,Ukraine
arrange,next year,10:30 PM,Cruise Ship
create,next year,weekend evening,Serbia
plan,2024-07-04,18:45,Liechtenstein
create,2024-07-04,21:00,Cameroon
hold,2024-07-06,16:20,Grenada
organize,2024-06-25,11:00 PM,Germany
create,next Thursday,04:00,Ireland
plan,this Saturday,noon,Palestine
set up,2024-06-15,early morning,Hungary
schedule,2024-06-15,midnight,Macau
book,next Monday,early morning,Montenegro
reserve,next year,14:00,Equatorial Guinea
add,2024-06-15,03:15 PM,Belize
add,2024-06-16,evening,Taiwan
book,this evening,afternoon,Macedonia
schedule,2024-07-06,03:15 PM,Anguilla
hold,2024-06-30,03:15 PM,Papua New Guinea
hold,this Friday,08:45,Cameroon
plan,this Saturday,23:59,Laos
create,2024-07-07,10:00,British Virgin Islands
plan,2024-06-23,10:30 PM,Algeria
plan,2024-07-11,midnight,Jordan
reserve,2024-06-15,evening,Belgium
schedule,2024-06-15,16:20,Nicaragua
organize,2024-06-24,noon,El Salvador
arrange,this Friday,evening,Iceland
schedule,2024-06-25,12:00,Panama
hold,the day after tomorrow,16:20,Uzbekistan
organize,this afternoon,evening,Gabon
create,weekend evening,14:00,Isle of Man
add,2024-06-15,23:59,Saudi Arabia
create,2024-06-29,07:30,Suriname
fix,2024-06-15,23:59,Satellite
set up,2024-06-21,10:00,Serbia
hold,2024-06-21,10:30 PM,Haiti
reserve,2024-06-16,early morning,Qatar
arrange,the day after tomorrow,midnight,Puerto Rico
add,2024-06-24,midnight,New Zealand
organize,this afternoon,07:30,Liechtenstein
reserve,2024-06-29,midnight,Saudi Arabia
create,next Monday,18:45,Belgium
plan,this Saturday,07:30,Rwanda
create,next Sunday,09:00,Syria
arrange,2024-06-21,09:00 AM,Cruise Ship
set up,next Sunday,03:15 PM,Kuwait
create,next Monday,weekend evening,Yemen
reserve,tomorrow,08:45,Isle of Man
plan,the day after tomorrow,midnight,Macau
reserve,this Friday,14:00,Belgium
create,2024-06-29,06:00,Norway
schedule,next Friday,late evening,Yemen
organize,weekend evening,18:45,Liechtenstein
reserve,2024-06-15,noon,Albania
schedule,coming Friday,16:20,Liberia
book,this Wednesday,early morning,Faroe Islands
book,2024-06-29,09:00 AM,Burundi
plan,next Friday,18:45,Puerto Rico
set up,next Thursday,noon,Benin
reserve,2nd August,late evening,Liberia
reserve,2024-06-15,07:30,Andorra
plan,2024-06-21,09:00 AM,Antigua &amp; Barbuda
plan,2024-06-22,10:30 PM,Czech Republic
arrange,weekend evening,09:00 AM,Georgia
arrange,2nd August,02:00 AM,Venezuela
plan,next morning,09:00,Germany
fix,this afternoon,08:45,Antigua &amp; Barbuda
reserve,2024-06-23,evening,Sudan
plan,2nd August,afternoon,Switzerland
book,first Monday of July,06:00,Saint Pierre &amp; Miquelon
plan,2024-07-11,21:00,Georgia
arrange,next Sunday,weekend evening,El Salvador
arrange,tomorrow,noon,Turkmenistan
book,2024-06-24,midnight,Timor L'Este
organize,2024-07-06,18:45,Kazakhstan
create,weekend evening,18:45,Aruba
add,2024-06-15,late evening,Macau
hold,2024-07-06,09:00,Faroe Islands
book,weekend evening,morning,Cruise Ship
create,first Monday of July,23:59,Czech Republic
arrange,weekend evening,midnight,St. Lucia
set up,2024-06-25,03:15 PM,India
fix,next morning,07:30,Samoa
hold,2024-06-23,16:20,Vietnam
set up,2024-06-30,early morning,Bahrain
create,2024-06-24,09:00 AM,Uzbekistan
arrange,the day after tomorrow,10:30 PM,Nicaragua
hold,the day after tomorrow,late evening,Luxembourg
schedule,next year,16:20,Algeria
arrange,next Thursday,16:20,New Zealand
fix,next Monday,02:00 AM,Mali
create,2024-06-21,late evening,Portugal
add,2024-06-15,09:00 AM,France
add,first Monday of July,08:45,Sweden
organize,next Friday,afternoon,Kazakhstan
fix,2024-06-29,02:00 AM,Luxembourg
arrange,next year,18:45,Uganda
hold,next year,noon,Haiti
plan,2024-07-11,noon,Ireland
add,2024-06-22,18:45,Timor L'Este
arrange,next year,18:45,France
set up,next month,21:00,Ghana
reserve,next Sunday,18:45,Switzerland
organize,2024-07-11,08:45,Greece
add,2024-06-14,02:00 AM,Netherlands Antilles
hold,this afternoon,midnight,Iceland
fix,2024-07-06,midnight,Bosnia &amp; Herzegovina
hold,next Monday,evening,Nigeria
fix,next year,midnight,India
arrange,the day after tomorrow,04:00,Fiji
hold,this afternoon,06:00,Aruba
add,next month,10:00,Angola
fix,next weekend,early morning,Georgia
arrange,next year,evening,Trinidad &amp; Tobago
add,coming Friday,morning,Ecuador
set up,2024-06-15,16:20,United Kingdom
reserve,2024-06-24,11:00 PM,Gibraltar
set up,next weekend,10:00,Ethiopia
hold,2024-06-15,07:30,Cape Verde
create,2024-07-06,noon,Moldova
plan,2024-06-21,10:00,India
arrange,2024-06-15,21:00,Dominican Republic
add,next month,11:00 PM,St Lucia
hold,2024-06-23,06:00,Indonesia
set up,2024-06-25,morning,Haiti
plan,this afternoon,07:30,Liechtenstein
schedule,2nd August,noon,Antigua &amp; Barbuda
arrange,next Monday,16:20,Iceland
plan,next year,midnight,Taiwan
arrange,tomorrow,08:45,Greenland
create,2024-06-24,06:00,Haiti
add,this Saturday,morning,Poland
organize,2nd August,morning,Estonia
reserve,next Thursday,21:00,South Korea
plan,2024-07-11,23:59,Jordan
create,next Sunday,10:00,Iceland
create,this Saturday,midnight,Guernsey
fix,2024-06-21,08:45,Mozambique
schedule,next Sunday,afternoon,Dominican Republic
add,coming weekend,09:00 AM,Djibouti
reserve,next Sunday,07:30,Gabon
reserve,2024-06-24,11:00 PM,Ukraine
schedule,next month,08:45,China
arrange,tomorrow,04:00,Sri Lanka
book,2nd August,afternoon,Samoa
plan,this Saturday,02:00 AM,Togo
schedule,this afternoon,10:00,Macedonia
plan,2024-06-15,06:00,Lebanon
set up,2024-07-06,04:00,Cyprus
create,2024-07-07,10:00,Chad
create,tomorrow,21:00,Cape Verde
reserve,2024-07-04,09:00 AM,Saint Pierre &amp; Miquelon
schedule,next Thursday,07:30,Belize
reserve,this evening,02:00 AM,Tonga
reserve,2024-06-24,10:30 PM,Honduras
plan,2024-06-29,08:45,Belarus
set up,2024-06-24,08:45,Sierra Leone
plan,2024-06-23,09:00,British Virgin Islands
fix,2024-06-21,02:00 AM,Netherlands
arrange,2024-06-15,noon,Sweden
book,next morning,23:59,Chad
add,next morning,04:00,Togo
add,2024-07-06,18:45,Nigeria
fix,coming Friday,23:59,Papua New Guinea
plan,the day after tomorrow,02:00 AM,Moldova
book,this Wednesday,weekend evening,Iran
fix,2024-06-21,11:00 PM,Dominican Republic
fix,2024-07-06,afternoon,Jamaica
plan,this Friday,09:00,Cambodia
plan,2024-07-06,10:00,Congo
fix,tomorrow,noon,French West Indies
fix,2024-06-21,10:30 PM,Mali
organize,next Sunday,09:00 AM,Pakistan
set up,next morning,21:00,Sierra Leone
fix,2024-06-16,12:00,Kyrgyz Republic
reserve,next month,21:00,Libya
plan,coming weekend,noon,Faroe Islands
plan,2024-07-06,06:00,Suriname
arrange,this evening,21:00,Albania
reserve,this evening,02:00 AM,Ethiopia
create,next morning,12:00,Iran
fix,this Friday,early morning,Dominican Republic
create,2024-06-15,evening,Tanzania
book,coming Friday,16:20,Hong Kong
book,2024-06-25,10:00,Maldives
schedule,next Friday,03:15 PM,Cote D Ivoire
fix,coming Friday,noon,Namibia
reserve,2024-06-29,02:00 AM,Brunei
set up,2024-07-06,14:00,Bangladesh
set up,2024-06-24,07:30,Netherlands
arrange,coming weekend,afternoon,Cape Verde
arrange,this evening,early morning,Faroe Islands
create,next weekend,08:45,Belgium
arrange,2024-07-04,10:30 PM,Uganda
reserve,this Wednesday,weekend evening,San Marino
book,2024-06-14,09:00 AM,Ukraine
create,first Monday of July,midnight,Sweden
schedule,2024-07-04,04:00,St Lucia
add,the day after tomorrow,08:45,Guinea
arrange,2024-06-14,09:00 AM,Palestine
hold,2nd August,14:00,Niger
add,2024-06-25,afternoon,Norway
schedule,2024-06-21,09:00 AM,Angola
fix,2024-06-21,11:00 PM,Switzerland
set up,next weekend,07:30,Mongolia
organize,2024-06-24,14:00,Niger
plan,2024-07-04,04:00,Lesotho
create,2024-07-07,09:00,Yemen
hold,2024-06-29,10:00,Afghanistan
set up,next weekend,08:45,Zimbabwe
fix,this evening,16:20,French Polynesia
organize,next Friday,10:30 PM,Jordan
hold,tomorrow,noon,Estonia
schedule,2nd August,evening,Bulgaria
arrange,2024-06-16,07:30,Turkmenistan
arrange,this Wednesday,early morning,St Vincent
add,first Monday of July,noon,Suriname
set up,tomorrow,23:59,Syria
reserve,next month,10:30 PM,Togo
schedule,2024-06-15,04:00,Antigua &amp; Barbuda
add,2024-06-23,07:30,Mali
schedule,next Monday,12:00,Qatar
plan,2024-06-21,morning,Brazil
fix,2024-06-22,23:59,Bahrain
schedule,2024-07-06,14:00,Tonga
book,2nd August,09:00 AM,Congo
hold,this afternoon,18:45,Dominican Republic
create,next year,02:00 AM,Uganda
organize,2024-06-16,02:00 AM,Liechtenstein
book,2024-06-30,weekend evening,Antigua &amp; Barbuda
schedule,next Thursday,10:00,Botswana
fix,next Thursday,09:00 AM,Jordan
add,this Friday,14:00,Bolivia
reserve,coming weekend,midnight,Bahamas
hold,2024-07-07,10:00,Cape Verde
schedule,tomorrow,06:00,Cook Islands
schedule,2024-07-04,03:15 PM,Yemen
add,coming weekend,noon,Albania
organize,next Thursday,16:20,Puerto Rico
book,next year,12:00,Montserrat
create,2024-06-21,18:45,Namibia
reserve,2024-06-15,21:00,Saint Pierre &amp; Miquelon
schedule,2024-06-14,18:45,Montenegro
reserve,2024-07-06,23:59,Iran
schedule,next Thursday,morning,Monaco
schedule,next morning,09:00,Swaziland
create,2024-07-11,18:45,Djibouti
plan,2024-06-15,23:59,Bosnia &amp; Herzegovina
fix,weekend evening,evening,Bulgaria
create,this afternoon,04:00,Tunisia
book,2024-06-25,11:00 PM,Isle of Man
reserve,next month,midnight,Jordan
book,this Wednesday,weekend evening,Malawi
fix,2024-06-16,early morning,Libya
organize,next Monday,16:20,Jamaica
book,this afternoon,04:00,Belarus
set up,2024-06-23,afternoon,New Caledonia
schedule,2024-07-06,11:00 PM,Grenada
hold,2024-06-25,06:00,Serbia
reserve,2024-06-21,04:00,Sudan
book,this Saturday,early morning,Burkina Faso
plan,next weekend,06:00,Jersey
reserve,first Monday of July,21:00,Falkland Islands
hold,2024-07-06,04:00,Bermuda
reserve,this afternoon,early morning,Sudan
schedule,next Sunday,14:00,Slovenia
reserve,2024-06-24,07:30,Oman
hold,next Sunday,03:15 PM,Grenada
schedule,2024-07-11,10:30 PM,Liechtenstein
schedule,2024-06-25,early morning,Antigua &amp; Barbuda
plan,2024-06-16,21:00,Oman
set up,next weekend,08:45,Botswana
plan,2nd August,midnight,Israel
hold,next month,10:30 PM,Jamaica
arrange,the day after tomorrow,14:00,St Vincent
arrange,next Friday,16:20,Tajikistan
book,next morning,23:59,Samoa
organize,2024-06-15,11:00 PM,St. Lucia
hold,2024-07-06,23:59,Nepal
book,2024-07-06,14:00,United Arab Emirates
hold,2024-06-14,11:00 PM,Zambia
book,next morning,evening,Senegal
organize,2024-06-15,21:00,Honduras
set up,the day after tomorrow,late evening,Namibia
set up,2024-06-25,04:00,Malaysia
add,this Saturday,weekend evening,Tonga
schedule,2024-06-15,late evening,Iceland
arrange,next Thursday,12:00,Cambodia
schedule,2nd August,16:20,Taiwan
hold,this Wednesday,morning,Bahamas
set up,next year,evening,Turks &amp; Caicos
add,2024-07-11,09:00,Liechtenstein
hold,2024-06-25,07:30,Libya
organize,this afternoon,early morning,Netherlands
arrange,2024-06-15,09:00 AM,Mauritius
add,2024-07-06,evening,Mauritius
set up,coming Friday,late evening,Ethiopia
plan,coming weekend,11:00 PM,Mauritius
organize,this afternoon,23:59,China
fix,2024-07-07,10:30 PM,Fiji
set up,2024-06-21,afternoon,Japan
schedule,tomorrow,16:20,Italy
plan,2024-06-23,14:00,Australia
create,2024-07-06,noon,Guinea Bissau
set up,2024-06-16,weekend evening,Afghanistan
create,2nd August,16:20,Taiwan
reserve,this evening,10:00,Guyana
reserve,next month,09:00,Iran
schedule,2024-06-24,morning,Mongolia
create,2024-06-24,18:45,Finland
create,2024-07-04,03:15 PM,Qatar
reserve,this Wednesday,07:30,Pakistan
organize,the day after tomorrow,11:00 PM,Colombia
arrange,2024-06-23,morning,Andorra
set up,2024-06-25,03:15 PM,Benin
plan,2024-06-25,06:00,Hungary
plan,coming Friday,early morning,Senegal
schedule,2024-07-06,16:20,Ireland
create,next month,10:30 PM,Guernsey
organize,2024-07-07,08:45,South Africa
fix,2024-06-15,09:00,Lebanon
hold,this evening,09:00,Argentina
schedule,2024-07-06,10:00,Afghanistan
create,2024-06-24,23:59,Puerto Rico
schedule,this afternoon,late evening,Papua New Guinea
schedule,2024-06-15,16:20,Iran
organize,2024-06-25,08:45,Cruise Ship
add,2024-06-15,early morning,Singapore
set up,2024-06-15,11:00 PM,Grenada
schedule,next Sunday,23:59,Bahamas
fix,2024-06-15,18:45,St Lucia
reserve,next weekend,14:00,Malta
create,coming Friday,07:30,Luxembourg
plan,2024-06-21,04:00,Sudan
organize,first Monday of July,late evening,Bosnia &amp; Herzegovina
organize,next Monday,midnight,Timor L'Este
arrange,2024-07-06,09:00,St. Lucia
create,next Thursday,noon,Hong Kong
book,next morning,06:00,Andorra
set up,2024-06-30,early morning,Barbados
reserve,next Thursday,11:00 PM,British Virgin Islands
plan,next Sunday,21:00,Albania
set up,2024-06-22,16:20,Taiwan
hold,weekend evening,23:59,Gibraltar
fix,2024-06-15,weekend evening,Papua New Guinea
plan,2024-06-16,16:20,Togo
fix,2024-07-06,morning,Poland
set up,2nd August,11:00 PM,Kyrgyz Republic
plan,2024-07-11,04:00,Bahrain
add,the day after tomorrow,10:00,Portugal
add,coming weekend,21:00,Slovenia
create,next month,weekend evening,Armenia
